<?xml version="1.0" encoding="UTF-8"?>

<!DOCTYPE mapper
 PUBLIC "-//mybatis.org//DTD Mapper 3.0//EN"
 "http://mybatis.org/dtd/mybatis-3-mapper.dtd">
 <mapper namespace="memberSQL">
	<!-- 회원가입 -->
 	<insert id="insertMember" parameterType="member">
 	insert into memberinform values(#{name}
 							,#{id}
 							,#{pwd}
 							,#{gender}
 							,#{foreigner}
 							,#{email}
 							,#{email1}
 							,#{year}
 							,#{month}
 							,#{day}
 							,0)
 	</insert>
	<!-- 로그인 -->
	<select id="checkLogin" resultType="member" parameterType="java.util.Map">
	select * from memberinform where id=#{id} and pwd=#{pwd}
	</select>
	
	<!-- 수정 -->
	<update id="updateArticle" parameterType="member">
	update member set name=#{name}
							, pwd=#{pwd}
							, gender=#{gender}
							, email1=#{email1}
							, email2=#{email2}
							, tel1=#{tel1}
							, tel2=#{tel2}
							, tel3=#{tel3}
							, zipcode=#{zipcode}
							, addr1=#{addr1}
							, addr2=#{addr2}
							,logtime=sysdate where id=#{id}
	</update>
	
	<!--멤버받기 -->
	<select id="getMember" parameterType="String" resultType="member">
	select * from memberinform where id=#{id}
	</select>
	
	<update id="updateBasicInfo" parameterType="java.util.Map"  >
		update memberinform set email=#{email}, email1=#{email1} where id=#{id}
	</update> 
	<select id="getId" parameterType="java.util.Map" resultType="String">
	select id from memberinform where name=#{name} and email=#{email} and email1=#{email1} and year=#{year} and month=#{month} and day=#{day}
	</select>
 </mapper>